Model,Accuracy,Precision,Recall,F1,AUC
Logistic Regression,0.9996037092811286,0.997,0.9930278884462151,0.9950099800399201,0.9999856948598508
Random Forest,0.9999603709281129,1.0,0.999003984063745,0.9995017438963627,0.9999998766798263
Gradient Boosting,0.9998414837124514,1.0,0.9960159362549801,0.998003992015968,0.999994491698908
